,Item_Name,Y1961,Y1962,Y1963,Y1964,Y1965,Y1966,Y1967,Y1968,Y1969,Y1970,Y1971,Y1972,Y1973,Y1974,Y1975,Y1976,Y1977,Y1978,Y1979,Y1980,Y1981,Y1982,Y1983,Y1984,Y1985,Y1986,Y1987,Y1988,Y1989,Y1990,Y1991,Y1992,Y1993,Y1994,Y1995,Y1996,Y1997,Y1998,Y1999,Y2000,Y2001,Y2002,Y2003,Y2004,Y2005,Y2006,Y2007,Y2008,Y2009,Y2010,Y2011,Y2012,Y2013,Sum,Production_Rank
0,Wheat and products,138829,144643,147325,156273,168822,169832,171469,179530,189658,195255,201783,214205,217275,217451,220283,224956,240862,257776,264343,273692,283382,294800,317155,330878,338196,348437,356153,354596,359585,363778,380724,469016,473295,476036,476066,480911,488600,505035,498511,512675,527271,522973,504451,527394,532263,537279,529271,562239,557245,549926,578179,576597,587492,19055842,6
1,Rice (Milled Equivalent),122700,131842,139507,148304,150056,155583,158587,164614,167922,181716,185657,187127,191758,195967,204381,205952,214750,221343,223570,229325,234586,250574,260589,264885,271519,272309,280670,287729,293827,299977,293338,298826,308837,313264,321923,328857,332845,337213,346259,349889,352422,355828,355855,361107,366025,372629,378698,389708,394221,398559,404152,406787,410880,14352748,8
2,Barley and products,46180,48915,51642,54184,54945,55463,56424,60455,65501,65772,70826,69288,73500,72058,75226,73534,74168,78916,81545,80071,81839,82815,84557,86973,88994,87821,84312,81968,79433,80599,77854,112318,116032,119588,114960,106497,102161,98268,93490,95723,93758,95068,104875,102055,97185,100981,93310,98209,99135,92563,92570,88766,99452,4396562,20
3,Maize and products,168039,168305,172905,175468,190304,200860,213050,215613,221953,226232,238638,251871,261893,243819,264376,269940,277601,304501,323106,328668,324825,333730,323991,335023,322249,344875,351962,338042,356443,360056,373551,416329,420184,441087,439297,461475,471862,473702,486020,499465,507646,508253,524364,545024,549036,543280,573892,592231,557940,584337,603297,608730,671300,19792601,5
4,Millet and products,19075,19019,19740,20353,18377,20860,22997,21785,23966,27091,23820,20460,25306,21259,23564,21549,21393,22116,19767,20330,21301,20797,24780,22723,20519,21765,19220,23079,23213,24112,19951,25406,22589,24532,22338,24473,24570,24422,23485,24835,25059,23044,26150,25789,25496,25997,26750,26373,24575,27039,25740,26105,26346,1206325,38
5,"Cereals, Other",7128,7946,7821,7958,8121,8001,7823,7811,8022,8168,8858,8859,9001,9166,9534,8551,8286,9004,8961,8047,8949,8869,8185,8889,8681,8524,10121,10174,10834,11410,13251,13675,15662,14948,16049,17118,19117,19194,18465,19745,20472,20788,21400,23946,23465,21246,22632,23461,24344,22176,23664,24489,24359,718240,49
6,Potatoes and products,129648,125766,133709,133686,131968,137447,138913,142170,137107,140562,133576,138772,143799,140015,137792,134002,138958,142779,144684,125667,135006,131395,130850,142886,144541,140442,141325,144388,145862,143739,136735,188571,213449,198565,205888,218742,226296,228438,226892,245310,238191,240423,242905,255466,250928,236067,245490,251263,250453,261658,280960,285068,286350,9415914,10
7,Sugar cane,27544,29953,31218,30829,27664,34009,26314,36767,34820,31152,28827,24715,28211,32632,36577,31258,32074,33088,34783,30016,32952,30117,28680,31336,34264,31151,38875,42220,45923,48413,49522,54743,51209,52098,54019,44913,53635,61303,60792,53742,44900,44959,44113,42880,40046,44813,53123,60469,59562,55100,63209,59241,59529,2166758,32
8,Sugar beet,1034,1164,1299,1101,1318,1213,1503,1493,1343,1521,1172,2084,1677,1685,1420,1817,2887,2189,2201,1200,1803,1632,1203,2136,2885,2687,2367,3116,3286,1842,2996,5021,4877,5859,6610,8555,6096,6320,8943,6118,7340,9098,2833,7900,8098,14455,10089,8886,7044,10444,16539,15245,12451,245061,80
9,Sugar (Raw Equivalent),39977,41711,42235,43790,45914,47636,49493,50797,53562,56194,58299,59361,61114,61467,61110,64077,66254,68873,73246,72468,71440,74586,74467,78187,79261,81052,84839,85440,87436,89156,91733,103643,103150,103975,108226,111700,115412,116320,113552,116928,120314,122278,126507,127100,126657,128076,129590,133161,132589,132952,136674,141045,143738,4668785,17
10,"Sweeteners, Other",2069,2183,2371,2529,2802,2880,3191,3474,3537,3645,3630,3719,3884,4134,4295,4610,4855,5374,5940,6634,6992,7560,8309,9231,10185,10584,10995,11573,11737,12232,12585,13058,13537,14137,14392,15136,15777,16414,16088,16881,17295,17763,17769,18097,18568,19108,19193,18714,18331,19773,20593,21098,20850,568242,55
11,Honey,441,453,487,491,481,497,502,500,526,556,544,583,566,536,564,606,581,605,656,641,690,758,772,788,770,826,881,886,891,889,930,1070,1110,1080,1140,1121,1191,1190,1231,1235,1244,1266,1286,1350,1395,1499,1456,1513,1489,1529,1594,1618,1660,48723,101
12,"Pulses, Other and products",17381,17377,16883,16113,17862,14796,13764,16271,15159,16363,16110,15901,14834,15088,15081,17424,15846,16448,16933,13953,14975,16294,16770,17913,17609,19284,18843,18326,20569,19751,20534,18042,20571,21635,23774,22988,23747,23703,24990,24167,24328,25766,24897,26409,26981,26325,27557,27023,28557,29763,30906,32346,34348,1071897,40
13,Nuts and products,2512,2483,2566,2621,2592,2695,2817,2889,2894,3086,3029,3121,3342,3273,3297,3386,3457,3456,3619,3554,3793,3891,3912,4102,4171,4119,4506,4568,4655,5137,5454,5965,6124,6223,6474,7178,7853,7639,7867,8346,8702,9394,9860,10435,11100,11901,12819,14174,14429,14876,15834,16155,16401,336234,68.5
14,Coconuts - Incl Copra,7113,7461,7552,8284,7652,7465,7907,7585,7718,7876,8308,7813,8511,8725,8132,7388,8182,8640,8891,7808,9951,9326,9826,10376,10490,10827,12390,13096,14700,12785,13842,14963,15167,15784,15897,15843,15993,16316,17078,17351,18258,19250,19197,19220,20210,21338,21797,20206,20458,20938,20561,21381,22277,688990,53
15,Sesame seed,263,318,318,365,316,329,345,342,410,424,430,426,465,418,443,440,449,419,385,387,481,498,486,497,454,448,499,490,460,637,609,625,667,758,698,697,736,802,796,907,965,907,1019,1107,968,1129,1156,1259,1175,1578,1378,1381,1439,35135,104
16,Olives (including preserved),411,341,448,431,442,461,465,517,468,473,557,611,622,675,678,782,675,905,677,1003,814,1099,839,958,957,986,1004,1011,1096,1234,1112,1309,1220,1326,1296,1593,1448,1796,1836,2039,1792,2047,1837,2015,2025,2260,2401,2429,2361,2564,2674,3080,2760,66449,97
17,Soyabean Oil,2612,2980,3102,3359,3413,3826,3929,4229,4750,5584,5555,5827,5952,7092,7165,8001,8542,9585,10021,10756,10774,11730,11698,11592,12090,12276,12587,13326,13261,13466,14178,15055,15436,15566,15536,16251,16769,17383,18410,19583,19991,20555,21273,21228,22397,22910,23578,22888,23483,23639,24586,24287,24351,695801,52
18,Groundnut Oil,2082,2347,2574,2505,2628,2619,2741,2727,2712,2760,2612,2648,2635,2672,2735,2777,2712,2689,2569,2711,2532,2773,2881,2780,2875,3316,3185,3435,3674,3966,3954,3751,3755,4385,3916,4317,4456,4105,4061,4106,4245,4327,4375,4087,4315,4396,4268,4290,4002,4355,4128,4241,3848,177473,85
19,Sunflowerseed Oil,640,709,801,859,960,1154,1348,1512,1662,1582,1512,1675,1829,1822,1825,1789,1991,2295,2469,2975,3074,3113,3370,3811,4049,4201,4424,4715,4727,4887,5162,6607,6482,6528,7236,7492,7512,7716,7615,7948,7327,6953,7469,7400,7743,8015,8427,8615,9158,9236,9515,10055,10196,251547,79
20,Rape and Mustard Oil,901,1017,951,882,1215,1240,1352,1599,1554,1574,1913,1779,2140,1991,2347,2003,2313,2559,2977,3068,3744,4047,4166,4582,5105,5316,5378,5902,6340,6293,7110,7387,7457,7729,7979,7881,8368,8108,8920,8832,8218,8594,7800,9298,9958,10285,10139,9929,10544,10711,11047,10559,10504,292704,73
21,Cottonseed Oil,1501,1496,1592,1773,1874,1717,1633,1596,1769,1640,1575,1846,1942,1949,1883,1733,1860,1917,2008,2159,2170,2206,1900,2287,2193,2082,2235,2505,2584,2790,2843,3325,3107,2976,3003,3052,3007,2992,2911,3084,2943,3217,3100,3206,3379,3604,3747,3667,3397,3563,3788,4083,3940,132848,88
22,Palm Oil,1004,1044,1064,1074,1035,1201,1164,1245,1303,1270,1486,1586,1518,1633,2006,2301,2292,2239,2474,2875,3318,3325,3979,3647,4154,4944,5009,5166,5669,6097,5827,5666,6373,6892,7624,7683,7999,8175,8941,9083,9472,10033,10541,10977,11249,12084,12401,13302,14748,13956,14707,14786,15214,313851,71
23,Sesameseed Oil,355,424,425,438,429,401,428,456,441,477,455,385,402,400,382,379,385,400,442,409,505,461,492,507,488,497,571,531,510,616,561,577,543,523,578,637,595,573,552,613,582,675,652,675,665,654,672,599,653,628,724,727,716,27510,106
24,Olive Oil,1156,1164,1162,1319,1271,1307,1247,1385,1288,1418,1541,1528,1478,1567,1435,1507,1417,1551,1474,1490,1456,1543,1466,1557,1607,1633,1673,1721,1651,1766,1781,1771,1820,1948,1816,1962,2032,2081,2167,2230,2266,2333,2482,2754,2302,2488,2538,2593,2607,2716,2871,2927,2773,95880,93
25,"Oilcrops Oil, Other",474,584,590,564,701,620,707,640,662,728,673,801,830,801,768,902,912,974,846,793,1010,918,917,1122,909,844,970,919,1026,1120,1005,1016,1099,1252,1298,1367,1370,1317,1251,1305,1382,1367,1476,1542,1565,1587,1703,1807,1808,1588,1727,1742,1750,57175,100
26,Tomatoes and products,20664,22081,20994,22045,22789,23902,24518,26615,26402,27072,28132,28591,30289,32643,36118,33102,35160,37475,39743,39260,39810,42777,44645,47594,49426,49872,50936,52837,57744,60469,60180,67011,68891,73300,76863,81766,78990,83471,95501,96887,94833,102091,105436,113860,114368,116617,121853,124332,137859,134715,139300,143658,145950,3430773,21
27,"Vegetables, Other",147094,144595,146385,142942,146929,151774,154146,159531,162654,158277,166024,163275,168598,172348,178391,180337,186605,196914,200616,198718,210961,221585,225174,243176,252967,271862,280628,286231,290621,298540,299889,338998,362182,377765,399413,425097,440214,458688,497577,564140,590474,607234,627762,622915,640267,666819,682087,707525,717882,745438,766225,794960,811496,18905851,7
28,"Oranges, Mandarines",16646,17962,17186,18105,19899,22397,24841,24020,26732,27625,28303,30654,33044,33787,34492,35607,36047,35197,37137,39936,38455,39484,41381,38279,42426,42157,46115,47077,52921,49621,51780,55735,54807,55545,60815,63256,70446,65918,68165,68666,65612,72023,71142,77320,76159,81002,74688,80985,81044,84404,90721,87372,86701,2625193,25
29,"Citrus, Other",1300,1319,1331,1368,1402,1435,1438,1497,1438,1889,1913,2040,1976,2001,2062,2145,2198,2267,2611,2541,2486,2574,2832,2771,2839,3402,3180,3027,3226,3277,3638,3928,4371,4289,4275,4368,4713,4882,5861,5763,5987,6384,6812,7034,7538,6923,9378,9980,11256,11688,10174,11481,11359,226567,81
30,Bananas,16623,17232,17904,18735,20625,21492,22308,22862,23843,25231,26166,26817,25365,25635,25891,26470,28218,28833,29971,31123,31554,32313,31548,33337,34695,36576,37979,38149,38554,39630,40799,43792,45204,47211,47910,46360,50510,52176,56404,55159,55407,58176,58933,62767,66851,70843,74844,77954,80204,85221,86141,86099,86825,2254846,28
31,Apples and products,10833,13110,14034,14509,13692,14176,16336,16587,17951,17106,17212,16292,18097,17555,19341,18977,18767,20697,22631,22488,22086,24407,26437,26828,27637,28998,30196,30999,30183,31542,28171,37389,39856,40690,42266,46386,47192,47184,48081,50315,49130,48049,50298,53749,55468,57909,59699,60956,61415,62436,64886,68851,71334,1800581,34
32,Pineapples and products,3076,3126,3211,3409,3712,4059,4150,4168,4335,4567,4843,4718,4785,5126,6043,6875,6790,7252,8127,8907,7825,7556,7622,8170,8534,9210,9409,10033,10412,10897,10457,11359,11888,11480,11498,11736,11991,11445,13552,13225,13606,14385,14650,14683,15208,16943,17913,17780,18010,18626,20014,20605,20757,529682,57
33,Dates,1324,1339,1524,1535,1500,1449,1443,1434,1502,1567,1570,1596,1695,1785,1779,1821,1948,1957,2019,1919,1900,2122,2204,2211,2236,2389,2627,2634,2777,2984,3117,3076,3662,4063,4136,4522,4672,4932,4902,4883,5194,5084,5013,5394,5159,5305,5388,5391,5637,5689,6015,6605,6779,170084,86
34,Grapes and products (excl wine),8458,8986,8441,8908,9984,9627,9449,10250,10201,10295,10160,9682,10372,10686,10718,10668,10203,10412,11037,11219,11366,12474,13120,12826,12909,12460,13080,13838,14060,13921,14089,15843,16741,16120,16278,17738,17748,16937,18281,20986,19789,21580,22174,21911,24130,24499,25331,26148,26455,26410,27431,29990,32104,820065,46
35,"Fruits, Other",40040,39502,40767,41680,41882,43696,43767,46277,45242,45926,46560,46284,47238,48283,47598,50014,49273,51459,52967,54509,55535,58742,59224,63976,64596,67923,68778,68205,69572,70210,72207,83451,86285,92107,94704,100471,101351,102913,108311,114608,118634,124646,130610,135405,141942,147120,151685,156240,161234,162190,169200,177735,185536,4448270,19
36,Coffee and products,3153,3405,3523,3622,3646,3744,3865,4022,4071,4096,4197,4202,4230,4204,4265,4363,3826,4170,4629,4626,4818,4820,4870,4847,4871,4757,5128,5138,5258,5409,5240,5500,5630,5654,5409,5665,5959,6007,6334,6416,6809,6912,7042,7431,7400,7413,7631,7726,7215,7665,7819,8118,8101,281718,76
37,Cocoa Beans and products,908,983,1012,1028,1142,1178,1152,1196,1175,1156,1224,1362,1341,1281,1260,1331,1233,1281,1283,1355,1426,1449,1449,1531,1671,1719,1791,1822,1982,2116,2300,2393,2457,2524,2608,2822,2757,2871,2905,3130,3101,3163,3454,3506,3826,3853,4064,4107,4114,4118,4550,4538,4758,117848,89
38,Tea (including mate),1155,1158,1160,1216,1233,1296,1260,1308,1318,1375,1366,1463,1499,1518,1600,1651,1774,1763,1818,1853,1788,1957,2005,2203,2207,2268,2299,2506,2337,2381,2472,2888,2951,3022,3155,3123,3226,3513,3735,3589,3883,3848,3883,3864,4160,4345,4585,4771,4711,4912,5277,5755,5910,141158,87
39,Pepper,53,80,78,73,73,67,80,85,81,80,95,95,105,108,109,112,128,128,123,133,146,132,141,142,137,164,168,202,215,234,236,234,212,219,249,229,229,227,276,276,320,345,380,410,415,431,396,374,395,392,409,387,397,10952,111
40,"Spices, Other",598,596,651,629,567,551,554,563,632,718,706,664,722,757,771,770,1006,1063,1037,1058,1033,1093,1228,1231,1331,1385,1538,1600,1649,1687,1734,1916,2241,2114,2041,2354,2399,2637,2662,2743,2886,2738,3205,3244,3480,3600,3942,3988,3903,4422,5203,5138,5118,101498,91
41,Wine,19342,19909,20588,20392,21010,21475,21496,22211,22376,22717,22977,23408,23865,23820,24279,24229,24029,23522,24054,23978,24205,24540,23959,23603,22278,22115,21633,21161,21011,20235,20122,21761,21393,21364,21043,21206,21628,22020,21765,21465,21854,22151,22544,23248,23184,23304,23289,21784,22114,22297,23667,23053,22985,1164316,39
42,Beer,37589,38699,40274,43244,44689,46688,48415,50134,53269,56328,58329,60281,64125,66520,67942,70202,72458,74621,78190,79494,80658,81923,83734,83041,85368,88441,92499,95332,97295,98926,102557,108645,111608,115425,117945,118867,123183,125412,128714,135139,138373,138973,141034,149596,153567,162876,171476,174910,173277,176840,183679,185737,187051,5326003,16
43,"Beverages, Alcoholic",3934,4305,4341,4550,4927,5182,5195,5578,5841,6194,6557,6848,7338,7750,8565,8999,9003,9796,9501,11322,11040,11507,12206,12618,13269,13828,14880,15624,15026,15526,15497,18221,19091,18473,20460,18176,18254,16132,16405,16252,18502,19229,18586,18879,19424,20057,22004,21752,21084,20426,20680,21211,21248,707359,50
44,Bovine Meat,24844,25883,27027,27622,27805,29180,30031,31216,32148,32807,32405,32798,32870,34553,36566,38870,38813,39242,37755,38174,38487,38562,39130,40072,40979,42377,42342,42515,42794,43540,44464,52534,52429,53429,53797,54440,55285,55575,56300,57108,56094,57888,58206,58967,60063,61702,63429,63322,63347,64188,64058,64822,65225,2373235,27
45,Mutton & Goat Meat,4594,4630,4606,4656,4715,4912,4997,5102,5205,5208,5408,5455,5199,4988,5251,5228,5265,5380,5413,5632,5841,6054,6184,6286,6460,6616,6894,7077,7396,7719,7917,8975,9280,9386,9633,9346,9681,10007,10189,10523,10378,10571,10772,11213,11555,11740,12154,12128,12185,12327,12416,12995,13407,412555,63
46,Poultry Meat,7710,8069,8544,9106,9852,10421,11074,11476,12328,13264,13778,14859,15446,15963,16328,17517,18416,19736,21249,22356,23517,24367,25018,25476,26764,28567,31000,32674,33473,35748,38354,43710,46471,49094,52665,53822,57370,59583,62593,66024,68340,71280,73290,75827,78106,81043,85635,89920,91965,95654,99536,101909,104871,2203448,30
47,"Meat, Other",2244,2281,2286,2347,2344,2398,2449,2466,2513,2540,2589,2623,2645,2715,2717,2790,2828,2883,2931,2923,2926,2916,2983,3007,3091,2962,3047,3045,3042,3033,3113,3636,3747,3926,4155,4216,4138,4312,4346,4551,5051,4960,4923,4755,4905,5190,5463,5697,5993,6195,6306,6772,6880,192550,84
48,"Offals, Edible",4369,4582,4759,4951,5031,5254,5389,5558,5623,5799,6006,6094,6145,6378,6563,6861,6982,7141,7282,7486,7675,7753,7962,8160,8409,8527,8792,9025,9141,9644,9821,11138,11592,11943,12352,12267,12722,13048,13846,13997,13625,13900,14236,14517,14641,14883,15453,15699,15498,16175,16187,16368,16678,519558,59.5
49,"Butter, Ghee",4069,4177,4214,4256,4371,4324,4429,4491,4505,4511,4373,4415,4410,4467,4618,4760,4737,4930,5009,4945,4929,4945,5230,5316,5330,5258,5247,5232,5307,5312,5114,6730,6766,6651,6572,6460,6467,6640,6870,7167,7420,7771,7960,8087,8310,8489,8602,8606,8667,8865,9088,9512,9724,314586,70
50,Cream,896,1012,962,972,990,1011,1002,1013,1036,1041,1062,1083,1122,1151,1162,1228,1256,1331,1404,1426,1445,1510,1482,1562,1542,1527,1600,1623,1617,1616,1611,2692,2807,2563,2447,2450,2509,2519,2589,2654,2687,2739,2697,2608,2664,2845,2955,3095,3057,3008,2945,3113,3019,99061,92
51,"Fats, Animals, Raw",4862,5181,5363,5537,5495,5576,5903,6103,6017,6125,6511,6572,5875,6213,6616,6646,6786,7110,7162,7380,7427,7353,7543,7558,7979,8029,8179,8380,8464,8705,8652,9829,9907,10211,10051,9842,9934,10181,10815,11366,10653,11261,11247,11496,11120,11392,11614,11560,11619,11835,11952,11893,11948,448166,61
52,Eggs,23956,24580,24980,26272,26806,27282,28420,29176,30448,31776,32520,33372,33338,33850,34952,35714,36974,38542,39444,40568,41210,42560,43334,45844,48790,50122,51420,53934,54474,56238,59502,68928,71988,78308,81812,84494,87572,90626,94008,97014,98870,101338,103156,105258,107250,109284,112596,116498,118642,120844,122734,125678,128808,3382148,22
53,Milk - Excluding Butter,500986,503530,511170,518616,524636,536156,541360,555348,564908,560902,561636,576518,584914,587536,593180,614318,627476,647378,664188,671352,675046,685216,711970,732564,743524,748810,760532,760404,765800,778250,779982,969952,977068,985404,1002714,1008744,1015762,1028030,1053574,1065530,1087212,1117290,1140138,1159622,1190382,1229212,1262878,1283666,1305576,1336422,1370168,1413148,1423422,44513134,2
54,Freshwater Fish,3685,3855,3960,4173,4415,4534,4635,4970,5040,5195,5340,5529,5782,5914,5850,5936,6174,6191,6369,6823,7398,7678,8369,9017,9740,10736,11524,12340,13027,13802,14133,15700,17353,19070,21098,22934,23605,24234,25625,26001,27739,28325,29561,31138,33525,35864,38097,40206,42582,45732,47271,48908,49169,912186,42
55,Infant food,17,13,17,23,24,27,54,38,43,52,92,116,114,83,97,123,144,187,154,179,170,156,168,175,173,173,226,229,121,175,143,137,172,181,207,211,212,249,234,299,305,289,280,345,395,447,486,568,552,563,663,691,761,11736,109.5
56,Cereals - Excluding Beer,588894,611825,630487,651402,682604,708781,727698,747534,776142,803833,833010,849840,882063,857803,894326,898114,933244,993188,1017360,1027055,1048177,1086692,1112146,1149727,1149355,1176479,1196432,1181280,1213854,1224232,1235110,1447777,1462856,1489635,1482674,1525207,1535488,1546571,1554199,1589972,1616331,1611455,1621879,1669731,1674129,1678707,1706244,1778904,1737755,1750798,1804488,1808225,1902569,64295387,1
57,Starchy Roots,282832,288066,292242,292892,309363,325298,328907,336308,341106,357513,340157,340956,370152,365091,365046,354827,372991,390903,377450,357727,359729,364621,361357,376465,371818,367516,381941,381603,382830,394038,392804,447874,483518,466435,478752,494236,486740,503980,521703,541172,538152,542121,544555,570581,562267,542734,549618,551926,555677,572028,602338,611923,618650,22428697,4
58,Sugar Crops,28578,31117,32517,31930,28982,35222,27817,38261,36163,32673,30000,26799,29888,34318,37998,33075,34961,35277,36984,31216,34756,31749,29883,33472,37149,33838,41242,45336,49209,50255,52518,59764,56086,57957,60629,53468,59731,67623,69735,59860,52240,54058,46947,50780,48144,59268,63212,69355,66606,65544,79748,74486,71980,2411826,26
59,Sugar & Sweeteners,52390,53632,54870,57166,60277,61989,63291,64702,68640,71466,73353,74096,75989,78144,77694,81651,84775,88537,91950,91904,92454,95504,96664,102770,104006,104403,105807,106880,110213,111834,114945,127262,125108,129446,133501,136772,142731,144303,140738,144688,148651,149804,154037,153308,154108,155636,156943,160212,160768,162085,165187,170785,173433,5809112,14
60,Pulses,30919,32029,31664,30730,32645,28793,27928,29855,28938,30245,30497,29747,28753,28621,29322,30863,29759,30637,30902,29032,30928,31883,33879,34488,34634,36848,37484,38758,40031,40319,40218,43509,46762,47982,46862,47137,47733,47694,48304,47840,49453,50071,50922,51600,52357,52275,54569,52886,55390,59067,60213,60497,63654,2107207,33
61,Treenuts,2512,2483,2566,2621,2592,2695,2817,2889,2894,3086,3029,3121,3342,3273,3297,3386,3457,3456,3619,3554,3793,3891,3912,4102,4171,4119,4506,4568,4655,5137,5454,5965,6124,6223,6474,7178,7853,7639,7867,8346,8702,9394,9860,10435,11100,11901,12819,14174,14429,14876,15834,16155,16401,336234,68.5
62,Oilcrops,16550,17815,18892,20145,19281,20759,21851,21495,20966,21816,23474,21605,23567,23372,23056,21643,22820,24187,24768,24583,28556,28609,28794,32598,32991,32775,37118,38623,40233,39604,41231,42904,45179,49242,48576,49393,50195,50516,53143,55016,58855,57112,61010,67642,69255,70110,71922,71116,72163,83000,80754,83099,91383,2178812,31
63,Vegetable Oils,12852,13746,14394,15041,15871,16517,17009,17649,18285,19287,19689,20579,21203,22345,23054,24564,25476,27291,28130,30221,31538,33296,34082,35135,36792,38702,39631,41919,43355,45017,46439,49314,50155,51832,53509,54796,56633,57075,59140,61630,61942,63643,64845,67100,69888,72602,74104,74448,77069,77713,79845,80494,80306,2254340,29
64,Vegetables,179658,178938,179717,177356,182315,188422,192242,199947,203312,199089,208618,206011,213627,220476,229758,229185,238973,252083,259014,255932,269328,284236,289735,311639,324350,343690,354460,362584,372074,384057,385540,436528,462119,483456,511235,542969,555329,582230,636267,705835,731647,755876,783017,791599,812355,843601,869257,898452,921715,950541,981219,1013621,1034682,24000258,3
65,Fruits - Excluding Wine,109963,115011,116959,121612,126110,132588,139058,142618,147399,151103,154584,155915,161588,164575,168550,172982,174956,179884,188792,194920,193298,202129,206460,210542,219157,227404,236186,238854,248122,248494,252000,282689,292780,302418,313862,327911,342653,340349,358016,370738,371260,388566,398216,417261,430984,450279,464108,479066,489170,498521,517653,534472,547329,14310151,9
66,Stimulants,5224,5556,5706,5872,6029,6225,6291,6543,6582,6644,6791,7037,7078,7016,7135,7362,6843,7219,7742,7846,8044,8236,8340,8595,8767,8765,9237,9474,9583,9915,10019,10785,11044,11221,11186,11625,11963,12407,12991,13154,13807,13939,14390,14811,15412,15618,16302,16609,16041,16702,17666,18419,18773,541357,56
67,Spices,1436,1533,1669,1632,1484,1543,1639,1572,1650,1901,1869,1818,1959,1939,2058,2009,2427,2511,2459,2468,2438,2567,2699,2796,3114,3011,3109,3292,3525,3499,3524,4018,4358,4151,4160,4754,4643,5107,5253,5455,5715,5473,6327,6408,6642,6821,7289,7379,7253,7772,8717,8645,8727,204781,83
68,Alcoholic Beverages,69924,72447,75105,77976,80127,83660,86095,89075,92729,97789,101022,103738,109857,113280,116337,119972,122155,124906,129259,131978,132496,135148,135495,135136,137374,141380,146596,149054,151128,151795,155712,167353,171162,174872,179655,179189,185364,186749,190468,196329,203000,204629,206401,217392,222722,233310,244420,244373,243452,247414,256269,258895,260701,8172940,12
69,Meat,59002,61509,64876,68020,69916,73078,76205,78736,80563,83149,86275,88928,89322,92733,94694,98706,100789,104844,109336,113662,115827,116993,120034,123235,128228,132006,137101,142232,144740,149410,155022,178159,183742,189669,195309,197298,202334,210479,215775,222962,224749,231873,237737,241283,246752,255247,265033,272519,276704,284083,288486,296447,302495,8319304,11
70,Offals,4369,4582,4759,4951,5031,5254,5389,5558,5623,5799,6006,6094,6145,6378,6563,6861,6982,7141,7282,7486,7675,7753,7962,8160,8409,8527,8792,9025,9141,9644,9821,11138,11592,11943,12352,12267,12722,13048,13846,13997,13625,13900,14236,14517,14641,14883,15453,15699,15498,16175,16187,16368,16678,519558,59.5
71,Animal fats,10359,10929,11116,11361,11469,11508,11974,12325,12263,12312,12558,12683,11954,12411,13009,13174,13392,13890,14228,14529,14624,14605,14950,15240,15745,15661,15885,16062,16339,16407,16188,19939,20219,20255,19950,19526,19635,19865,20912,21851,21438,22321,22457,22781,22641,23314,23807,23818,23900,24267,24604,25137,25186,896614,43
72,"Fish, Seafood",32870,34959,36605,39042,40728,41965,44600,50079,49513,49534,50984,53731,50523,51761,53904,55515,56258,57513,59610,59075,61193,64819,65391,69530,73502,77393,82322,84911,87436,86627,86923,95399,98650,107901,112844,115610,118693,111708,117249,123538,124278,123768,124252,129988,135417,135970,138365,142913,146372,148747,152938,156248,155054,4591848,18
73,Miscellaneous,17,13,17,23,24,27,54,38,43,52,92,116,114,83,97,123,144,187,154,179,170,156,168,175,173,173,226,229,121,175,143,137,172,181,207,211,212,249,234,299,305,289,280,345,395,447,486,568,552,563,663,691,761,11736,109.5
74,Rye and products,16844,16801,16141,15752,16224,15771,15698,15588,16373,13700,15701,15896,15451,15215,14185,14069,13346,14377,13136,13070,13438,13195,14768,16033,14591,13657,13828,12607,12466,11132,10939,26734,22400,20117,19353,20539,19605,16153,16281,16359,17263,17501,13944,13798,13342,11361,12219,13718,12947,10946,10298,11201,13601,782828,48
75,Oats,35770,37182,36530,34553,34241,34220,33692,33457,33912,34435,35032,33221,32358,30462,29645,27758,26498,27672,26681,24531,25958,25246,24784,24924,24536,22809,22236,19784,19669,20377,18703,28526,28873,27780,24218,25219,26428,21940,20244,21746,23159,21116,22507,22232,20923,19418,21805,22049,20541,17154,19420,17579,20154,1348137,37
76,Sorghum and products,34325,37177,38882,38559,41507,48207,47945,48668,48842,51459,52698,48918,55513,52391,53122,51786,56339,57470,56244,49303,53876,56650,53336,59382,60059,56255,57926,53280,58366,52756,46799,56928,54972,52252,48464,60111,50292,50622,51421,49501,49272,46870,48307,48380,46370,46505,47634,50896,46775,48098,47143,47954,48961,2641443,24
77,Cassava and products,53409,55741,58430,62839,65895,65036,67832,71424,72594,74946,74329,76737,76538,78275,82925,85633,89409,95386,92803,91693,96469,101165,90302,97098,100995,101864,103203,108756,105870,118249,120644,122728,121231,123029,117569,113617,116767,117702,124050,132108,138769,138094,142396,154541,153258,165575,167553,160139,163255,168245,176274,183984,187693,5771657,15
78,Sweet potatoes,90049,96627,89305,85206,99678,110474,108989,108877,116422,125962,117425,112197,136138,132707,130711,123063,132553,140858,128039,128187,116254,119941,128032,123406,113531,111603,123891,112586,114677,113554,114360,113770,121926,116326,126261,131982,112264,125199,136576,128882,125977,126270,120793,120509,117648,97464,92440,94711,94194,92829,93878,91686,92317,5989155,13
79,"Roots, Other",4592,4839,5108,5081,5221,5369,5390,5596,5871,5949,5926,5968,6163,6277,5110,4714,4884,4719,4969,4988,4847,4830,4967,5388,5325,5658,5596,5722,5790,5525,5922,5836,8710,8852,9476,9638,10007,10604,11125,11325,11472,12086,12276,12568,12777,13109,13363,13539,13288,13386,13961,14636,14858,418604,62
80,Beans,9105,9499,9667,10072,9807,9576,10295,9804,9749,10278,10531,10165,10689,10203,10940,10034,10797,10793,10475,11587,12549,12172,13542,12641,12707,12688,12289,13387,12822,13007,13060,13692,13627,13748,13680,14794,13876,14216,14758,14892,15668,15485,17650,15888,16200,17224,18331,17902,18221,20749,20040,19727,20088,696281,51
81,Peas,4427,5157,5117,4542,4981,4423,3871,3782,4028,3603,3863,3679,3232,3330,3296,3412,3114,3404,3493,3479,3406,3416,3566,3927,4315,4862,6355,7034,6627,7547,6613,11770,12556,12599,9403,9355,10096,9777,8543,8782,9452,8804,8368,9283,9176,8724,8684,7950,8608,8553,9252,8419,9218,338846,67
82,Soyabeans,4463,4609,4995,5226,4777,6064,6295,6274,6088,6403,6875,6183,6979,6577,6502,6553,6580,6715,6787,7458,7764,7677,7697,7961,8087,8767,9701,10234,10317,10683,9728,10927,12635,13659,12277,12579,14477,12999,13181,14277,14729,14496,15749,19054,18816,19518,18056,19712,20826,26819,23857,23532,28124,596855,54
83,Groundnuts (Shelled Eq),2411,2666,2724,2947,3062,3305,3167,3318,3204,3492,3449,3400,3369,3326,3672,3415,3310,3706,3853,3606,4545,4213,4286,4597,5501,4999,5075,5253,5045,5019,5418,4987,5781,6144,6214,6565,6587,7906,7997,8185,8524,8379,8177,8305,8974,8102,8844,9669,9846,10924,10536,11418,12203,301209,72
84,Rape and Mustardseed,261,265,296,314,314,339,370,426,386,393,443,469,482,473,486,521,535,534,586,591,701,896,879,1002,1151,1230,1432,1258,1600,1689,1918,1933,1599,1881,2364,2383,1951,2193,2763,2869,3600,3258,3465,3745,2939,2571,3485,3924,5563,4982,3693,5316,7171,95627,94
85,"Oilcrops, Other",236,265,292,283,270,271,264,299,250,316,322,345,465,380,487,435,468,345,370,427,445,394,519,546,503,567,575,754,715,1119,1241,940,1056,1769,1320,1468,1259,1067,1072,1284,1464,1640,2112,1961,2319,2730,3420,3055,2579,3068,2837,2640,2795,57787,99
86,Maize Germ Oil,298,302,320,363,402,394,405,398,414,417,421,437,452,475,447,565,593,633,728,732,804,820,873,958,1010,1052,1097,1119,1202,1302,1341,1332,1419,1290,1359,1364,1407,1440,1300,1425,1726,1584,1570,1875,1845,1935,2048,2125,2098,2125,2051,2152,2197,58143,98
87,Onions,11890,12258,12333,12362,12594,12748,13574,13796,14259,13716,14452,14139,14727,15474,15255,15743,17195,17697,18655,17952,18547,19875,19924,20872,21959,21966,22891,23522,23708,25035,25469,30511,31032,32389,34948,36107,36131,40065,43188,44817,46347,46557,49832,54825,57727,60175,65319,66600,65977,70385,75697,74990,77226,1663542,35
88,"Lemons, Limes and products",2006,2303,2306,2512,2461,2531,2630,2743,2829,2957,3504,3234,3650,3778,4262,3722,4140,4054,4092,4245,4529,4932,4801,4970,5258,6111,6294,6127,6041,6151,7183,7313,7892,7880,8033,8307,9017,9186,9761,11309,11122,11084,10965,10804,10626,11569,14112,14847,15137,12817,13245,14277,14190,367843,66
89,Grapefruit and products,1861,1916,1698,1714,2058,2273,2708,2461,2846,2973,3342,3446,3835,3770,3282,3713,4144,3748,3601,3659,3433,3542,2976,2793,2981,3157,3419,3377,4031,4347,3648,3693,4266,4310,4420,4502,4520,4287,4444,4682,4507,4747,4823,4906,4796,4592,6438,6975,7150,7002,7247,8034,8279,213511,82
90,Plantains,7790,8199,8552,9122,8881,9446,9970,10303,10464,10958,10989,11138,11510,12161,13076,12982,13219,14007,14592,14369,14113,13976,14313,14388,15036,15006,15100,15368,16328,15915,16895,17089,17780,18700,19520,20240,20471,20467,20236,21118,22248,22371,22772,23244,23081,23533,24613,21780,21590,22007,22560,23412,23425,852633,44
91,Pimento,777,845,925,918,826,911,985,913,922,1087,1054,1038,1117,1051,1160,1107,1268,1298,1266,1258,1244,1321,1313,1398,1626,1436,1379,1459,1637,1550,1524,1841,1878,1777,1826,2140,1975,2176,2283,2389,2456,2340,2676,2695,2683,2742,2888,2968,2883,2897,3054,3057,3148,90608,95
92,"Beverages, Fermented",9044,9518,9897,9764,9480,10311,10976,11142,11234,12547,13159,13192,14523,15191,15537,16534,16650,16957,17507,17176,16589,17169,15585,15869,16451,16994,17576,16929,17790,17099,17524,18708,19055,19598,20197,20930,22279,23163,23578,23458,24251,24258,24234,25650,26519,27066,27635,25915,26963,27844,28241,28879,29403,974694,41
93,Pigmeat,19599,20633,22413,24269,25203,26159,27656,28473,28351,29311,32087,33196,33159,34510,33840,34301,35456,37598,41974,44579,45052,45089,46707,48382,50944,51484,53802,56905,58028,59355,61153,69306,71820,73831,75051,75464,75836,80999,82334,84736,84876,87184,90527,90514,92110,95573,98357,101454,103204,105714,106171,109941,112100,3137171,23
94,"Fish, Body Oil",474,506,518,542,561,550,587,661,639,568,552,560,481,529,562,497,588,494,633,757,807,778,673,778,869,823,827,815,921,747,792,680,724,814,848,739,698,512,624,638,649,519,521,566,517,556,617,542,532,530,593,597,454,33085,105
95,"Fish, Liver Oil",50,44,55,52,41,40,48,42,50,55,52,44,49,44,48,23,19,12,13,10,11,14,14,18,20,18,19,13,16,13,12,8,10,9,13,18,21,7,7,9,10,12,14,13,18,11,8,9,6,10,13,10,16,1161,112
96,Demersal Fish,7713,8083,8257,8721,8833,9430,10133,10934,11091,12097,12266,12950,13263,13489,13084,13022,12217,12344,12206,12096,12766,12885,12318,13178,13452,13994,14673,14790,15754,15778,15244,17819,17429,17673,19667,20554,20298,20354,19470,19181,19873,19095,20835,21467,20863,21952,21339,21226,20309,20546,21064,21133,21321,812816,47
97,Pelagic Fish,14383,15445,16176,18093,18890,19029,20255,23875,23129,21900,22452,23524,19306,19792,21906,22926,23597,24551,26819,25569,25962,28656,28402,30038,31988,33170,34523,35443,35648,33929,34624,36930,36913,41892,40219,39780,42555,34565,38261,43159,41576,40615,38823,41177,44225,41158,40856,42402,42056,40275,41749,41649,40504,1650956,36
98,"Marine Fish, Other",3232,3362,3623,3772,4009,4209,4598,4817,4986,4729,5229,5617,6013,6163,6201,6245,6246,6339,5972,6014,6353,6365,6550,6897,7232,8142,8465,8629,9317,9552,9433,9522,10146,10747,10756,11152,10430,10176,10255,10438,10054,9479,8687,8775,9526,8544,8687,9279,10403,10392,10355,10436,10156,403474,65
99,Crustaceans,1280,1370,1456,1509,1571,1662,1747,1868,1841,1936,1998,2158,2429,2558,2423,2577,2787,2897,2917,2996,3011,3199,3335,3534,3844,3994,4334,4552,4723,4707,5165,5610,5798,6282,6801,7169,7350,7742,8012,8371,8848,9197,9241,9737,9964,10570,11017,11234,11814,12019,12425,12914,12780,289993,74
100,Cephalopods,692,853,980,604,845,843,963,1241,985,948,876,1144,1062,1083,1207,1190,1167,1350,1428,1539,1325,1542,1596,1583,1650,1626,2200,2111,2420,2107,1968,2332,2368,2396,2718,2802,2865,2567,3027,3278,3071,3022,3490,3548,3575,3750,4017,3944,3432,3399,3465,3523,3571,110596,90
101,"Molluscs, Other",1882,1988,2160,2187,2187,2270,2289,2388,2438,2736,2833,2818,2680,2762,3216,3622,4063,3825,3903,4029,4360,4482,4813,5272,5587,5711,6586,7033,6531,6746,6338,7454,8630,9814,11562,11198,11582,12057,12590,13084,13079,13997,13586,14111,13722,14092,14321,14593,15744,16365,16587,17676,17536,411233,64
102,"Aquatic Animals, Others",39,39,41,45,49,105,100,117,117,191,169,170,311,208,203,214,285,267,349,184,152,224,321,178,220,231,224,228,254,223,278,414,259,333,416,463,615,650,640,682,620,604,881,820,936,1012,979,1277,1322,1340,1382,1240,1249,23831,107
103,Aquatic Plants,502,581,577,619,699,787,837,833,940,857,1038,1226,1127,1400,1360,1410,1948,1982,1888,2070,2007,1936,2190,2363,2378,2481,2063,2493,2709,2562,3270,4365,5131,5630,5509,5681,5750,6800,7624,8002,8262,9020,9752,10726,10853,11031,11352,11710,12130,12767,13367,14508,14619,253220,78
104,"Aquatic Products, Other",540,621,618,665,748,892,937,950,1057,1046,1208,1396,1439,1608,1563,1626,2233,2248,2237,2254,2160,2160,2511,2541,2598,2712,2287,2721,2963,2785,3547,4778,5391,5962,5925,6144,6366,7449,8264,8684,8882,9623,10632,11546,11789,12042,12332,12989,13453,14108,14750,15748,15868,277056,77
105,Palm kernels,3,3,3,3,3,3,3,3,5,5,5,5,6,6,9,8,8,8,9,9,10,9,9,8,9,9,26,10,10,9,9,11,9,9,10,6,9,7,8,12,7,11,6,6,6,8,7,7,7,6,6,6,7,393,114
106,Coconut Oil,1393,1325,1403,1462,1519,1646,1623,1463,1312,1416,1515,1614,1548,1403,1560,2073,1863,1883,1492,1653,1545,1743,1688,1569,1552,1638,1638,1660,1649,1732,1560,1783,1392,1444,1865,1505,1814,1836,1899,1907,1996,2080,1958,1892,2055,2119,1996,2113,2028,2493,1981,2145,2022,90070,96
107,Cloves,3,4,5,6,6,6,5,7,4,5,5,4,6,5,7,7,8,10,7,8,9,9,8,10,11,12,10,18,13,12,19,22,19,26,22,19,23,44,14,24,24,28,46,29,35,38,40,27,39,29,32,35,46,907,113
108,Palmkernel Oil,343,250,298,316,298,252,287,254,270,262,265,267,272,311,263,246,304,293,356,307,325,319,336,419,469,565,462,534,621,636,571,584,750,686,686,708,624,725,685,755,1130,1157,1368,1443,1602,1582,1722,1848,1847,1866,1834,1880,1924,38034,103
109,Yams,5145,5108,5683,6081,6600,6951,7771,8247,9121,10094,8904,7293,7504,7820,8513,7408,7184,7164,6955,7190,7156,7295,7195,7679,7411,7945,7914,10148,10640,12971,15134,16957,18209,19664,19556,20247,21403,22035,23058,23517,23737,25221,26170,27478,27638,30502,30769,32260,34484,35898,37256,36523,37424,833085,45
110,Sunflower seed,54,70,67,41,47,60,84,77,76,93,90,146,124,113,136,158,186,276,235,292,289,332,165,275,479,462,286,515,447,541,725,948,939,1139,1195,1406,1164,1452,1474,1850,1610,2214,2175,1798,2085,1608,1452,2315,2386,2310,3144,3134,4016,48701,102
111,Cottonseed,1324,1816,2186,2238,2388,2454,2943,2645,2344,2327,2984,2183,2526,2671,2504,1916,2423,2634,2957,3002,3538,4149,4089,6380,5360,4459,6116,5992,5838,5881,6618,6247,6077,6748,7301,6833,6562,5963,6905,6226,7882,4890,7242,10399,10871,10813,11253,8507,6919,9773,12045,11208,10563,286788,75
112,Sugar non-centrifugal,9892,9274,9768,10348,11066,10966,10094,9927,11013,11054,10884,10425,10419,11999,11723,12356,13083,13672,12102,12151,13333,12600,13116,14556,13781,11933,9083,8978,10148,9551,9682,9483,7308,10251,9741,8815,10357,10371,9855,9646,9788,8497,8468,6750,7486,6956,6699,6823,8361,7825,6312,7012,7169,523058,58
113,Ricebran Oil,70,73,79,97,96,108,110,125,137,134,158,169,179,194,219,249,278,263,261,268,262,275,296,286,265,314,375,365,413,315,510,438,502,572,597,543,616,591,401,730,636,738,748,672,757,924,818,638,660,817,846,886,845,21848,108
114,"Meat, Aquatic Mammals",0,0,0,0,0,0,0,0,0,0,0,0,0,0,0,0,0,0,0,0,0,0,0,0,0,0,0,0,0,0,0,0,0,0,0,0,0,0,0,0,0,0,0,0,0,0,0,0,0,0,0,0,0,0,115
